poi_type,study_ratio,study_per_1000
体验考察型,0.0337236065245672,33.723606524567195
励志拓展型,0.14796540636434194,147.96540636434193
文化康乐型,0.0063888859112202125,6.388885911220212
知识科普型,0.03170969009343053,31.709690093430535
自然观赏型,0.006706793862305673,6.706793862305673
